ID,TOPICS_ALL
m-1000427248-1491996300,医药健康 地方财政
m-100312451-1512726120,企业发展 区域发展 宏观 绿色发展
m-1004580380-1548847920,基建 物资储备
m-1007869694-1527075000,教育 区域发展
m-1008064059-1671635580,民生扶贫 宏观
m-1008125987-1527679800,宏观 区域发展
m-1014321651-1453889940,制造业 地方财政
m-1020277137-1469013000,科技 国际关系
m-1020277137-1469618520,科技 能源 宏观
m-1020489230-1513161240,农业农村 区域发展
m-1021572149-1600861440,宏观 区域发展
m-1023392487-1532955480,教育 金融
m-1025775625-1562758260,宏观 区域发展
m-1029655258-1559734440,交通运输 物资储备
m-1029842863-1674917880,企业发展 地方财政
m-1030266874-1582630200,就业 区域发展
m-1034973471-1507546140,医药健康 地方财政
m-1035822132-1499250660,宏观 区域发展
m-1039911097-1528284600,宏观 区域发展
m-1041791663-1583235420,交通运输 税务
m-1045101327-1444726800,税务 税务 企业发展 民生扶贫
m-1046271359-1462962000,制造业 金融
m-1049046518-1655905680,交通运输 金融
m-1049739146-1534937400,能源 区域发展
m-1050723716-1619524200,零售消费 区域发展
m-1051617555-1518004800,宏观 地方财政
m-1053270389-1586863800,就业 宏观
m-1053471431-1550825220,民生扶贫 民生扶贫 国际关系 宏观
m-1055312587-1547036100,宏观 区域发展
m-1060166808-1486551960,基建 科技
m-1062783316-1427887500,教育 企业发展 农业农村 教育
m-1063934939-1482317940,医药健康 区域发展
m-1064774729-1464783300,就业 金融
m-1066260540-1479290460,教育 地方财政
m-1066264782-1630497600,宏观 零售消费
m-1067038421-1574249940,医药健康 金融
m-1069419829-1536752400,企业发展 房地产
m-1073366132-1597665720,税务 出口贸易
m-1075960190-1630323540,物资储备 物资储备 宏观 绿色发展
m-1076880793-1486116300,民生扶贫 国际关系
m-1077420280-1587468780,民生扶贫 金融
m-1080908653-1536231600,就业 区域发展
m-1089007971-1509360900,制造业 区域发展
m-1089062831-1614329100,区域发展 宏观 区域发展 教育
m-1093465944-1655899020,科技 科技 金融 区域发展
m-1093843828-1655297820,就业 区域发展
m-1094103148-1422009780,宏观 宏观 就业 国际关系
m-1095808512-1408359360,企业发展 企业发展 宏观 房地产
m-1098792813-1494414360,宏观 区域发展
m-1101484733-1630408980,宏观 宏观 教育 企业发展
m-1104853118-1602242520,绿色发展 区域发展
m-1109415712-1616584380,制造业 出口贸易
m-1114188071-1540208160,宏观 地方财政
m-1126928341-1557142500,交通运输 区域发展
m-1127147017-1483528260,宏观 金融
m-1129323348-1425026220,企业发展 企业发展 宏观 科技
m-1131055294-1500461400,制造业 区域发展
m-1131600217-1484131440,区域发展 地方财政
m-1145867984-1566989040,宏观 房地产
m-1157191911-1593603000,企业发展 区域发展
m-1159679357-1639742340,基建 科技 区域发展 企业发展
m-1166854253-1599046800,绿色发展 区域发展
m-1169042205-1465380900,交通运输 地方财政
m-1179533326-1498041960,企业发展 宏观
m-1182158112-1522236600,税务 出口贸易
m-1192267460-1596107220,区域发展 宏观 区域发展 企业发展
m-1194408427-1430825460,科技 科技 区域发展 教育
m-1196324441-1656594540,就业 地方财政
m-1199480071-1493811180,民生扶贫 区域发展
m-1204586538-1579174680,宏观 宏观 企业发展
m-1221119837-1479977940,民生扶贫 区域发展
m-1221777228-1666882920,制造业 区域发展
m-1221826603-1573647120,交通运输 地方财政
m-1228947650-1605094560,基建 地方财政
m-1244349627-1621601580,科技 教育 科技 医药健康
m-1254060627-1411991460,农业农村 企业发展 农业农村 科技
m-1265462644-1650370500,基建 科技 地方财政 金融
m-1267321164-1523533200,医药健康 地方财政
m-1268050301-1550663280,基建 区域发展
m-127767351-1474966620,宏观 宏观 教育 税务
m-1284736599-1462356360,制造业 地方财政
m-1288113167-1450260060,绿色发展 地方财政
m-1288362178-1548409920,宏观 宏观 教育 税务
m-1288531499-1561548840,制造业 区域发展
m-1291618225-1493203320,绿色发展 宏观
m-1314091701-1435753860,科技 绿色发展 企业发展 税务
m-131782409-1398428220,就业 区域发展 就业 宏观
m-1318356038-1463733120,教育 企业发展 教育 就业
m-1322528334-1663860180,交通运输 民生扶贫
m-1330964156-1460541840,税务 物资储备
m-1330964156-1462356360,税务 地方财政
m-1335687910-1605699300,区域发展 出口贸易
m-1336249159-1660919880,民生扶贫 宏观
m-1340395632-1422606540,企业发展 宏观 企业发展 区域发展
m-1354737278-1469618520,区域发展 房地产
m-1368157355-1501238880,宏观 区域发展
m-1374331905-1646049000,企业发展 企业发展 宏观 金融
m-1377267681-1449658800,企业发展 地方财政
m-1390296674-1662469440,企业发展 农业农村 科技 能源
m-1390772496-1487844960,民生扶贫 区域发展
m-1409236540-1549884780,民生扶贫 金融
m-1442271382-1471342740,能源 地方财政
m-1458672198-1554291540,宏观 地方财政
m-146855094-1472214420,能源 交通运输 能源
m-1484661504-1402046220,税务 宏观 税务 民生扶贫
m-1488894007-1414411080,企业发展 科技 企业发展 区域发展
m-1494386734-1611819660,宏观 宏观 教育 交通运输
m-1500165410-1598965740,就业 农业农村 就业 教育
m-150077123-1461930780,就业 宏观 区域发展 企业发展
m-1516223471-1637752440,科技 科技 能源 教育
m-156663147-1608287940,宏观 宏观 区域发展 新冠疫情
m-156663176-1576148460,宏观 宏观 绿色发展 企业发展
m-156663209-1639136340,宏观 宏观 区域发展 交通运输
m-156663275-1671200100,宏观 宏观 企业发展 就业
m-156663279-1545616980,宏观 宏观
m-156663300-1418296200,宏观 宏观 企业发展 区域发展
m-156663345-1450693920,宏观 宏观 企业发展 区域发展
m-156663353-1355690280,宏观 宏观 企业发展 国际关系
m-156663354-1386969240,宏观 宏观 区域发展 地方财政
m-156663361-1481886120,宏观 宏观 企业发展 区域发展
m-156663364-1513767660,宏观 宏观 区域发展 企业发展
m-1572831058-1469190360,民生扶贫 民生扶贫 税务 企业发展
m-157775068-1467105720,科技 企业发展 民生扶贫 就业
m-1579019405-1447054140,企业发展 企业发展 国际关系 就业
m-1585608346-1662709440,宏观 宏观 税务 新冠疫情
m-158629831-1682664300,就业 就业 企业发展 宏观
m-1586309987-1490361060,科技 企业发展 民生扶贫 科技
m-1590710691-1587990360,物资储备 企业发展 宏观 物资储备
m-1598938024-1624020300,农业农村 区域发展
m-1606006706-1519462140,宏观 宏观 企业发展 民生扶贫
m-1608357555-1682084460,企业发展 企业发展 宏观 科技
m-1626917446-1452512880,宏观 民生扶贫 企业发展 科技
m-1627243810-1433496000,企业发展 企业发展 房地产 能源
m-1638124634-1662650520,就业 金融
m-1655778614-1663168560,制造业 地方财政
m-1667378736-1593518760,制造业 医药健康 企业发展 宏观
m-168634057-1545893340,科技 科技 宏观
m-1694952985-1537444020,区域发展 区域发展 企业发展 制造业
m-1701750739-1567160640,宏观 宏观 区域发展 税务
m-1725308580-1449048600,能源 金融
m-1766176588-1439896620,企业发展 教育 企业发展 税务
m-1769681717-1664286480,农业农村 地方财政
m-1803004536-1442308140,企业发展 宏观 企业发展 区域发展
m-1813450778-1458641700,绿色发展 企业发展 科技 绿色发展
m-1817717883-1661351040,宏观 区域发展
m-182019458-1380577320,教育 宏观 企业发展
m-1849531902-1467029700,绿色发展 区域发展 绿色发展 税务
m-185152884-1375215360,就业 宏观 企业发展 就业
m-189352311-1653630360,教育 教育 宏观
m-1894135898-1552996740,区域发展 企业发展 科技 税务
m-1926331584-1417517100,农业农村 区域发展 农业农村 企业发展
m-195365993-1505731440,宏观 宏观 区域发展 教育
m-200356736-1540982160,宏观 宏观 区域发展 就业
m-200416864-1359404280,税务 区域发展 宏观 税务
m-201955156-1602839100,区域发展 区域发展
m-2021450850-1393591620,宏观 宏观 企业发展 科技
m-210399546-1401101520,民生扶贫 民生扶贫 区域发展 宏观
m-211479632-1627634160,宏观 宏观 房地产 就业
m-212577121-1432895460,税务 税务 宏观 企业发展
m-215033322-1353054960,教育 宏观 区域发展 企业发展
m-2185760246-1604319240,企业发展 宏观 企业发展 教育
m-2186953670-1504012260,农业农村 企业发展 农业农村 区域发展
m-2201641115-1613778060,民生扶贫 企业发展 民生扶贫 医药健康
m-220633729-1498642140,教育 宏观 教育
m-221628530-1512033180,税务 宏观 税务
m-2239315930-1609327200,绿色发展 企业发展 宏观 税务
m-2272270442-1574769360,农业农村 教育 宏观 企业发展
m-2280992774-1581684240,企业发展 新冠疫情 企业发展 宏观
m-2303978898-1449657720,教育 宏观 教育 企业发展
m-2385990616-1476190800,交通运输 企业发展 区域发展 民生扶贫
m-2401430627-1390397760,宏观 企业发展 宏观 区域发展
m-2466324219-1492516380,农业农村 企业发展 农业农村 医药健康
m-248496144-1366366560,教育 教育 民生扶贫
m-2536860965-1563973380,科技 区域发展 科技 医药健康
m-2571298891-1568034000,制造业 制造业 企业发展 就业
m-258673278-1386065220,农业农村 区域发展 宏观 农业农村
m-259356661-1366366560,教育 教育 民生扶贫
m-2649666294-1483101300,宏观 企业发展 地方财政 宏观
m-270191290-1617100680,区域发展 区域发展 基建
m-2715151406-1559137800,宏观 宏观 农业农村 能源
m-2726779131-1526041740,企业发展 企业发展 地方财政 区域发展
m-2749812523-1500467580,绿色发展 企业发展 绿色发展 科技
m-2823697944-1456231260,绿色发展 区域发展 企业发展 宏观
m-283155388-1372155780,税务 教育 宏观 税务
m-2832307310-1480941600,企业发展 企业发展 农业农村 绿色发展
m-2912246172-1477997640,绿色发展 绿色发展 税务 企业发展
m-296339256-1481276040,就业 宏观 就业 金融
m-2965046449-1498465920,区域发展 企业发展 绿色发展 宏观
m-298390897-1406636940,宏观 宏观 科技 就业
m-305310295-1655448360,宏观 金融
m-3065398647-1460977620,宏观 企业发展 宏观 物资储备
m-313065394-1533035580,宏观 宏观 民生扶贫 税务
m-317002570-1530263940,企业发展 企业发展 教育 宏观
m-319766625-1469533320,区域发展 宏观 税务 就业
m-325281766-1354621020,民生扶贫 企业发展 区域发展 宏观
m-329489939-1464345480,区域发展 区域发展 交通运输 基建
m-3300461657-1472559000,绿色发展 宏观 绿色发展 企业发展
m-333711114-1561366740,农业农村 企业发展 农业农村 宏观
m-3443061313-1495545600,教育 企业发展 绿色发展 教育
m-345682363-1356973080,民生扶贫 民生扶贫 宏观 金融
m-3468040816-1516709160,民生扶贫 企业发展 民生扶贫 科技
m-348694550-1582291800,新冠疫情 新冠疫情 宏观 交通运输
m-351277811-1553859540,税务 教育 宏观
m-357526659-1482916320,宏观 区域发展 宏观 企业发展
m-357622708-1676962140,区域发展 宏观 企业发展 民生扶贫
m-360179912-1361644920,宏观 宏观 企业发展 民生扶贫
m-362985919-1651209120,就业 宏观 新冠疫情 企业发展
m-364234635-1537524300,教育 区域发展 宏观 税务
m-3689992847-1542237180,区域发展 区域发展 宏观 地方财政
m-371370914-1441964640,绿色发展 绿色发展 文化旅游 企业发展
m-373345434-1493113800,宏观 宏观 企业发展 地方财政
m-374118826-1593422220,税务 税务 宏观 教育
m-3754111871-1486380600,企业发展 企业发展 民生扶贫 就业
m-3754424002-1548245100,教育 绿色发展 企业发展 宏观
m-383451776-1458923700,区域发展 税务 绿色发展 区域发展
m-383732608-1527760560,农业农村 民生扶贫 农业农村
m-385226058-1489747440,宏观 区域发展
m-393344132-1393232280,宏观 区域发展 宏观 民生扶贫
m-396509611-1522402440,民生扶贫 民生扶贫
m-398249040-1490957460,民生扶贫 民生扶贫
m-400217229-1569311100,教育 教育
m-401502596-1589541900,宏观 新冠疫情 宏观 就业
m-4154976253-1530922380,区域发展 税务 企业发展 区域发展
m-4281441796-1511182380,农业农村 农业农村 企业发展 教育
m-433693741-1524472920,宏观 区域发展 宏观 企业发展
m-434405897-1543221180,农业农村 农业农村 地方财政 科技
m-435384815-1417795200,企业发展 金融 科技 基建
m-437164680-1571896680,宏观 宏观 企业发展 教育
m-439041446-1521630960,宏观 区域发展
m-444525866-1435309020,宏观 宏观 企业发展 金融
m-447686369-1598872320,绿色发展 宏观 科技 绿色发展
m-451297710-1670380560,科技 宏观 民生扶贫 绿色发展
m-455947505-1658999160,宏观 宏观 企业发展 国际关系
m-456197241-1575630780,宏观 宏观 企业发展 民生扶贫
m-456197272-1544690340,宏观 宏观 国际关系 民生扶贫
m-457217324-1637238540,宏观 就业 税务 宏观
m-459077834-1504174380,宏观 宏观
m-464316329-1606727400,教育 宏观 税务 教育
m-465612500-1661856840,宏观 宏观
m-465789450-1585308120,新冠疫情 新冠疫情 民生扶贫 国际关系
m-466654622-1495798560,宏观 宏观 就业
m-492601605-1472120460,制造业 区域发展
m-492762243-1575026820,税务 企业发展 宏观 税务
m-494627469-1557749340,教育 区域发展 企业发展 税务
m-505142984-1653311040,宏观 区域发展
m-513492310-1619781120,宏观 宏观 企业发展 农业农村
m-513771400-1581507060,新冠疫情 出口贸易
m-523752768-1466590860,企业发展 金融
m-528300786-1430386740,宏观 宏观 企业发展 区域发展
m-535091086-1515738360,宏观 宏观 就业
m-536481258-1404160080,税务 税务 民生扶贫 农业农村
m-544417844-1622029800,教育 地方财政
m-547720753-1615809600,宏观 金融
m-548526843-1622445420,能源 民生扶贫 能源 区域发展
m-550143475-1473152340,民生扶贫 区域发展
m-564994786-1438256400,宏观 宏观 民生扶贫 国际关系
m-566793936-1601287860,宏观 宏观 新冠疫情 区域发展
m-569948414-1647263100,宏观 区域发展
m-575326466-1590751080,宏观 金融
m-576657358-1587121500,新冠疫情 新冠疫情 宏观 国际关系
m-580554155-1564480200,宏观 宏观 企业发展 就业
m-594424299-1640240040,就业 区域发展
m-597585515-1613647800,宏观 地方财政
m-604575579-1492594800,就业 出口贸易
m-613081334-1620301800,交通运输 区域发展
m-620313863-1618400280,宏观 国际关系
m-624316268-1588764600,就业 金融
m-625457260-1592393400,宏观 区域发展
m-627121770-1611228660,税务 国际关系
m-636579347-1634541000,宏观 宏观 区域发展 民生扶贫
m-636601285-1657720260,就业 区域发展
m-638893627-1580904780,医药健康 区域发展
m-645628611-1514976480,企业发展 金融
m-648649371-1451468340,区域发展 区域发展 金融 宏观
m-651600735-1543401960,民生扶贫 金融
m-654481229-1448269920,民生扶贫 民生扶贫 宏观 教育
m-660781912-1657117620,宏观 宏观
m-660833995-1629890400,区域发展 区域发展
m-662057366-1607682780,宏观 宏观 新冠疫情 区域发展
m-666320944-1658503080,基建 地方财政
m-667441435-1639572060,制造业 区域发展
m-668010320-1528889400,绿色发展 金融
m-668729471-1638783360,宏观 宏观 交通运输 教育
m-669522971-1571227920,税务 区域发展
m-674854980-1595417700,就业 地方财政
m-678506023-1591702620,就业 地方财政
m-683588587-1530097740,农业农村 出口贸易
m-684189614-1555665540,宏观 宏观 民生扶贫 就业
m-685148961-1525261200,宏观 国际关系
m-685602558-1532345400,宏观 出口贸易
m-686408629-1427192820,绿色发展 绿色发展 区域发展 企业发展
m-687361079-1633692060,能源 区域发展
m-690947829-1423738260,宏观 宏观 国际关系 企业发展
m-695220718-1651065420,就业 区域发展
m-697822442-1559129880,民生扶贫 国际关系
m-697903883-1567598160,基建 出口贸易
m-700870226-1452679680,企业发展 金融
m-701293818-1626263220,农业农村 国际关系
m-701300453-1576237200,金融 物资储备
m-704972677-1680162720,教育 宏观 企业发展 税务
m-706000228-1480504920,教育 宏观 交通运输 教育
m-706481294-1456309140,绿色发展 区域发展
m-706651039-1473848280,基建 区域发展
m-707438792-1377638280,企业发展 民生扶贫 企业发展 宏观
m-707578393-1524655800,金融 金融
m-707623385-1582026420,交通运输 金融
m-713832783-1456140420,宏观 宏观 区域发展
m-715251599-1390561920,宏观 民生扶贫 宏观 就业
m-715979727-1598442780,民生扶贫 物资储备
m-716623007-1672845600,民生扶贫 金融
m-717186569-1621425000,宏观 区域发展
m-718511821-1557919980,宏观 物资储备
m-719737745-1454570880,基建 区域发展
m-720923799-1564573020,就业 地方财政
m-722465887-1476437220,零售消费 区域发展
m-726561729-1563969600,企业发展 物资储备
m-728106142-1585049400,制造业 出口贸易
m-730306108-1453626600,区域发展 区域发展
m-733514721-1606909380,区域发展 区域发展
m-736038072-1606394700,宏观 国际关系
m-737264628-1454062500,宏观 宏观 教育
m-740141958-1642600020,交通运输 金融
m-740631181-1629114000,就业 区域发展
m-741399694-1641302880,宏观 税务
m-741978532-1651758720,宏观 地方财政
m-742278316-1455703140,科技 地方财政
m-742323810-1574854680,宏观 物资储备
m-744096997-1570536180,宏观 宏观
m-744921565-1484736600,就业 金融
m-749015468-1546428840,区域发展 区域发展
m-751232438-1619004660,税务 地方财政
m-753275778-1599651000,教育 出口贸易
m-754197871-1647866220,宏观 地方财政
m-754808448-1511347740,宏观 区域发展
m-755932304-1499857440,科技 出口贸易
m-756198146-1383038580,税务 宏观 企业发展 区域发展
m-757059993-1505299500,宏观 区域发展
m-75737059-1267718400,宏观 区域发展 宏观 企业发展
m-75737060-1015257600,宏观 企业发展 农业农村 区域发展
m-75737060-1299254400,就业 区域发展
m-75737060-1590076800,就业 区域发展
m-75737061-1046793600,就业 区域发展 宏观 企业发展
m-75737061-1330876800,基建 民生扶贫 宏观 农业农村
m-75737061-1615392000,宏观 金融
m-75737062-1078416000,基建 区域发展 宏观 农业农村
m-75737062-1362412800,就业 宏观 区域发展 国际关系
m-75737062-1646409600,宏观 民生扶贫
m-75737063-1109952000,基建 区域发展 农业农村 宏观
m-75737063-1393948800,基建 宏观 区域发展 民生扶贫
m-75737064-1141488000,宏观 区域发展 宏观 农业农村
m-75737064-1425484800,宏观 出口贸易
m-75737065-1173024000,基建 农业农村 宏观 民生扶贫
m-75737065-1457107200,就业 宏观
m-75737066-1204646400,就业 民生扶贫 宏观 区域发展
m-75737066-1488643200,就业 区域发展
m-75737067-1236182400,基建 金融
m-75737067-1520179200,基建 制造业
m-75737068-1551715200,基建 区域发展
m-75737252-1267718400,宏观 民生扶贫 区域发展 农业农村
m-75737253-1267718400,宏观 国际关系 企业发展 宏观
m-75737253-1299254400,就业 区域发展
m-75737253-1590076800,就业 金融
m-75737254-1046793600,就业 农业农村 企业发展 教育
m-75737254-1299254400,就业 国际关系
m-75737254-1330876800,基建 民生扶贫 区域发展 企业发展
m-75737254-1615392000,宏观 区域发展
m-75737255-1046793600,就业 区域发展 民生扶贫 教育
m-75737255-1078416000,基建 国际关系 民生扶贫 税务
m-75737255-1362412800,就业 民生扶贫 教育 区域发展
m-75737255-1646409600,宏观 区域发展
m-75737256-1109952000,基建 区域发展 民生扶贫 企业发展
m-75737256-1393948800,基建 民生扶贫 区域发展 教育
m-75737257-1141488000,宏观 区域发展 宏观 国际关系
m-75737257-1425484800,宏观 区域发展
m-75737258-1141488000,宏观 宏观 民生扶贫 科技
m-75737258-1173024000,基建 民生扶贫 企业发展 区域发展
m-75737258-1457107200,就业 金融
m-75737259-1204646400,就业 区域发展 宏观 地方财政
m-75737259-1457107200,就业 区域发展
m-75737259-1488643200,就业 金融
m-75737260-1204646400,就业 区域发展 交通运输 文化旅游
m-75737260-1236182400,基建 税务
m-75737260-1520179200,基建 区域发展
m-75737261-1236182400,基建 企业发展
m-75737261-1520179200,基建 国际关系
m-75737261-1551715200,基建 制造业
m-75737262-1551715200,基建 区域发展
m-75738989-1677945600,就业 区域发展
m-75739182-1677945600,就业 出口贸易
m-758543456-1650462600,交通运输 地方财政
m-759148178-1419929880,宏观 企业发展 宏观 税务
m-759907403-1563363900,企业发展 区域发展
m-761352058-1538997900,税务 宏观
m-762718603-1452075960,新冠疫情 地方财政
m-763610692-1585654200,基建 地方财政
m-765696670-1467195960,交通运输 金融
m-765696670-1467974580,交通运输 地方财政
m-767652802-1504089600,交通运输 地方财政
m-771744735-1463567520,宏观 物资储备
m-771744735-1501238880,宏观 区域发展
m-775144291-1495019100,制造业 区域发展
m-777721406-1654693500,国际关系 金融
m-780375500-1644929160,制造业 区域发展
m-782768657-1566387300,企业发展 区域发展
m-785026046-1589370000,宏观 金融
m-786697799-1649252220,宏观 就业
m-787660734-1640781480,新冠疫情 金融
m-787709774-1637763840,交通运输 区域发展
m-788449493-1666690320,宏观 宏观 教育 民生扶贫
m-790747905-1625658720,绿色发展 房地产
m-792040776-1604662200,民生扶贫 就业
m-792710218-1506509100,企业发展 物资储备
m-795304771-1631101080,宏观 金融
m-796060396-1588073760,基建 地方财政
m-796431108-1419851160,宏观 民生扶贫 宏观 教育
m-797491323-1607513520,医药健康 出口贸易
m-797956943-1608636660,金融 出口贸易
m-799613518-1535628600,医药健康 区域发展
m-799963440-1617795240,交通运输 区域发展
m-801049531-1578484800,宏观 地方财政
m-801148255-1584444600,基建 金融
m-802837454-1638366000,就业 金融
m-803041538-1534421280,企业发展 区域发展
m-804738767-1617191100,税务 区域发展
m-804770129-1654090500,民生扶贫 金融
m-805264150-1669215540,宏观 物资储备
m-807466497-1509109860,教育 宏观 民生扶贫 绿色发展
m-807686893-1623239400,交通运输 教育
m-807844136-1516190100,区域发展 物资储备
m-812361124-1497439020,绿色发展 出口贸易
m-813805093-1631707380,医药健康 区域发展
m-815156261-1553600100,宏观 地方财政
m-815598079-1627471080,宏观 国际关系
m-817529321-1637157540,绿色发展 区域发展
m-817857170-1467974580,宏观 地方财政
m-822197197-1542799620,零售消费 房地产
m-827244278-1491389340,就业 金融
m-827622342-1531913400,宏观 区域发展
m-829228301-1477910820,宏观 区域发展
m-832429239-1558524780,医药健康 区域发展
m-832765124-1579523700,新冠疫情 地方财政
m-835778487-1565960880,宏观 物资储备
m-835780743-1610108100,能源 金融
m-836569336-1643023140,宏观 宏观 民生扶贫
m-836655522-1541161680,就业 宏观
m-840978003-1555500900,企业发展 区域发展
m-846179717-1557315300,科技 区域发展
m-848028727-1522238040,宏观 企业发展 金融 宏观
m-850336587-1437386880,区域发展 区域发展 宏观
m-854384045-1530703140,科技 区域发展
m-855886980-1560339300,交通运输 宏观
m-857370982-1610719800,医药健康 地方财政
m-858844215-1465987920,基建 地方财政
m-860206888-1483009800,教育 地方财政
m-861874414-1600341840,基建 税务
m-863575066-1545651720,企业发展 区域发展
m-864441492-1480495020,税务 区域发展
m-865573984-1635344160,制造业 出口贸易
m-865738054-1624447920,宏观 区域发展
m-871443508-1661956200,宏观 地方财政
m-871920156-1641822600,医药健康 宏观
m-872959386-1503484200,企业发展 区域发展
m-880994461-1522841400,宏观 物资储备
m-882145917-1571831880,国际关系 区域发展
m-883151190-1603279800,税务 地方财政
m-885789463-1612352760,区域发展 区域发展
m-888012606-1594294260,交通运输 交通运输
m-893840485-1625831340,区域发展 区域发展 农业农村 科技
m-894758778-1505909280,就业 金融
m-894769777-1544009400,科技 地方财政
m-894937699-1388405400,企业发展 企业发展 宏观 教育
m-901058405-1485077580,区域发展 宏观 税务
m-902516304-1645776900,宏观 宏观 金融 区域发展
m-902907853-1514355600,宏观 宏观 金融 绿色发展
m-904125857-1496831760,宏观 物资储备
m-904735518-1620819300,就业 区域发展
m-908543285-1531481400,宏观 区域发展
m-911133086-1541766000,金融 宏观
m-914669845-1578053100,制造业 区域发展
m-915222741-1573127460,交通运输 区域发展
m-917326290-1592998380,企业发展 地方财政
m-918027751-1524051000,教育 区域发展
m-923995039-1635951120,农业农村 区域发展
m-926719543-1487677020,宏观 宏观 就业 金融
m-928946514-1504697280,制造业 金融
m-931626733-1609760220,宏观 区域发展
m-934097474-1495622700,基建 物资储备
m-935360185-1583926200,交通运输 税务
m-937665094-1544615700,科技 区域发展
m-938424891-1447846740,教育 零售消费
m-940497618-1450088880,区域发展 区域发展 基建 科技
m-940616115-1626868860,宏观 地方财政
m-941334512-1560944340,民生扶贫 区域发展
m-942091776-1409303100,企业发展 企业发展 税务 教育
m-942256138-1556624460,就业 地方财政
m-946079211-1526470200,交通运输 物资储备
m-947253731-1659103860,民生扶贫 宏观
m-947903149-1568203800,民生扶贫 区域发展
m-948234722-1472724900,企业发展 区域发展
m-950401182-1569497700,宏观 物资储备
m-956906630-1677075480,宏观 区域发展
m-957817816-1455445740,医药健康 区域发展
m-958455282-1450866720,农业农村 区域发展
m-958827196-1596022500,新冠疫情 地方财政
m-960795024-1529494200,医药健康 宏观
m-962086478-1634739180,民生扶贫 国际关系
m-965281519-1575459360,就业 区域发展
m-966473850-1632310200,基建 区域发展
m-966823912-1503053700,民生扶贫 地方财政
m-968551604-1444642080,区域发展 宏观 金融 新冠疫情
m-970601510-1458295680,宏观 国际关系
m-971786566-1412071140,企业发展 教育 宏观 科技
m-971801453-1537270980,宏观 宏观
m-972550631-1459328760,科技 金融
m-974357872-1652279880,就业 地方财政
m-974708367-1512558600,基建 出口贸易
m-975423888-1608032520,企业发展 金融
m-977214197-1475924760,农业农村 区域发展
m-977998208-1609327980,宏观 区域发展
m-978410398-1649855760,就业 区域发展
m-982716010-1562156400,就业 地方财政
m-987402756-1586259000,就业 出口贸易
m-991143413-1459938180,制造业 区域发展
m-992231170-1481106480,区域发展 区域发展
m-993781349-1648646220,交通运输 区域发展
m-995290129-1594812780,企业发展 区域发展
m-995928098-1553081640,宏观 地方财政
m-997449766-1576668900,科技 物资储备
m-998420781-1577707380,零售消费 物资储备
m-999028521-1537961280,宏观 出口贸易
m-999369268-1461145740,交通运输 出口贸易
